{
  "departments": [
    {
      "id": 1,
      "name": "Software COE"
    },
    {
      "id": 2,
      "name": "Finance"
    },
    {
      "id": 3,
      "name": "Human Resources"
    },
    {
      "id": 4,
      "name": "Learning & Development"
    },
    {
      "id": 5,
      "name": "Marketing"
    }
  ],
  "employees": [
    {
      "id": 1,
      "name": "prakash",
      "email": "prakash@verizon.com",
      "phone": "1234567890",
      "department": "Learning & Development"
    },
    {
      "name": "Sreekanth",
      "email": "sreekanthme@gmail.com",
      "phone": "9845452168",
      "department": "Marketing",
      "id": 4
    },
    {
      "name": "Najam",
      "email": "Najam@Infosys.com",
      "phone": "999999999",
      "department": "Software COE",
      "id": 5
    },
    {
      "name": "asd",
      "department": "aaa",
      "phone": "123",
      "email": "asd@email.com",
      "id": 6
    },
    {
      "name": "Karthick",
      "department": "add",
      "phone": "123123",
      "email": "123123@email.com",
      "id": 7
    },
    {
      "name": "User11539244532582",
      "department": "Learning & Development",
      "phone": "1539244532582",
      "email": "User11539244532582@email.com",
      "id": 8
    },
    {
      "name": "User11539244845949",
      "department": "Learning & Development",
      "phone": "1539244845949",
      "email": "User11539244845949@email.com",
      "id": 9
    },
    {
      "name": "User11539244902384",
      "department": "Learning & Development",
      "phone": "1539244902384",
      "email": "User11539244902384@email.com",
      "id": 10
    },
    {
      "name": "User11539244920171",
      "department": "Learning & Development",
      "phone": "1539244920171",
      "email": "User11539244920171@email.com",
      "id": 11
    },
    {
      "name": "User11539247290169",
      "department": "Learning & Development",
      "phone": "1539247290169",
      "email": "User11539247290169@email.com",
      "id": 12
    },
    {
      "name": "User11539247299917",
      "department": "Learning & Development",
      "phone": "1539247299917",
      "email": "User11539247299917@email.com",
      "id": 13
    }
  ],
  "authenticate": {
    "token": "some-unique-token"
  }
}